use bet;

INSERT INTO bet.STADIUM(ID, NAME) VALUES (1, 'Arena Corinthians');
INSERT INTO bet.STADIUM(ID, NAME) VALUES (2, 'Estadio das Dunas');
INSERT INTO bet.STADIUM(ID, NAME) VALUES (3, 'Arena Fonte Nova');
INSERT INTO bet.STADIUM(ID, NAME) VALUES (4, 'Arena Pantanal');
INSERT INTO bet.STADIUM(ID, NAME) VALUES (5, 'Estadio Mineirão');
INSERT INTO bet.STADIUM(ID, NAME) VALUES (6, 'Estadio Castelão');
INSERT INTO bet.STADIUM(ID, NAME) VALUES (7, 'Arena Amazonia');
INSERT INTO bet.STADIUM(ID, NAME) VALUES (8, 'Arena Pernambuco');
INSERT INTO bet.STADIUM(ID, NAME) VALUES (9, 'Nacional');
INSERT INTO bet.STADIUM(ID, NAME) VALUES (10, 'Estadio Beira-Rio');
INSERT INTO bet.STADIUM(ID, NAME) VALUES (11, 'Estadio do Maracanã');
INSERT INTO bet.STADIUM(ID, NAME) VALUES (12, 'Arena da Baixada');

INSERT INTO bet.OPPONENT(ID,NAME,FLAG,GR, RANK) VALUES(1,'Brazil','BR','A',0);
INSERT INTO bet.OPPONENT(ID,NAME,FLAG,GR, RANK) VALUES(2,'Croatia','HR','A',0);
INSERT INTO bet.OPPONENT(ID,NAME,FLAG,GR, RANK) VALUES(3,'Mexico','MX','A',0);
INSERT INTO bet.OPPONENT(ID,NAME,FLAG,GR, RANK) VALUES(4,'Cameroon','CM','A',0);
INSERT INTO bet.OPPONENT(ID,NAME,FLAG,GR, RANK) VALUES(5,'Spain','ES','B',0);
INSERT INTO bet.OPPONENT(ID,NAME,FLAG,GR, RANK) VALUES(6,'Netherlands','NL','B',0);
INSERT INTO bet.OPPONENT(ID,NAME,FLAG,GR, RANK) VALUES(7,'Chile','CL','B',0);
INSERT INTO bet.OPPONENT(ID,NAME,FLAG,GR, RANK) VALUES(8,'Australia','AU','B',0);
INSERT INTO bet.OPPONENT(ID,NAME,FLAG,GR, RANK) VALUES(9,'Colombia','CO','C',0);
INSERT INTO bet.OPPONENT(ID,NAME,FLAG,GR, RANK) VALUES(10,'Greece','GR','C',0);
INSERT INTO bet.OPPONENT(ID,NAME,FLAG,GR, RANK) VALUES(11,'Uruguay','UY','D',0);
INSERT INTO bet.OPPONENT(ID,NAME,FLAG,GR, RANK) VALUES(12,'Costa Rica','CR','D',0);
INSERT INTO bet.OPPONENT(ID,NAME,FLAG,GR, RANK) VALUES(13,'England','ENG','D',0);
INSERT INTO bet.OPPONENT(ID,NAME,FLAG,GR, RANK) VALUES(14,'Italy','IT','D',0);
INSERT INTO bet.OPPONENT(ID,NAME,FLAG,GR, RANK) VALUES(15,'Ivory Coast','CI','C',0);
INSERT INTO bet.OPPONENT(ID,NAME,FLAG,GR, RANK) VALUES(16,'Japan','JP','C',0);
INSERT INTO bet.OPPONENT(ID,NAME,FLAG,GR, RANK) VALUES(17,'Switzerland','CH','E',0);
INSERT INTO bet.OPPONENT(ID,NAME,FLAG,GR, RANK) VALUES(18,'Ecuador','EC','E',0);
INSERT INTO bet.OPPONENT(ID,NAME,FLAG,GR, RANK) VALUES(19,'France','FR','E',0);
INSERT INTO bet.OPPONENT(ID,NAME,FLAG,GR, RANK) VALUES(20,'Honduras','HN','E',0);
INSERT INTO bet.OPPONENT(ID,NAME,FLAG,GR, RANK) VALUES(21,'Argentina','AR','F',0);
INSERT INTO bet.OPPONENT(ID,NAME,FLAG,GR, RANK) VALUES(22,'Bosnia-Herzegovina','BA','F',0);
INSERT INTO bet.OPPONENT(ID,NAME,FLAG,GR, RANK) VALUES(23,'Germany','DE','G',0);
INSERT INTO bet.OPPONENT(ID,NAME,FLAG,GR, RANK) VALUES(24,'Portugal','PT','G',0);
INSERT INTO bet.OPPONENT(ID,NAME,FLAG,GR, RANK) VALUES(25,'Iran','IR','F',0);
INSERT INTO bet.OPPONENT(ID,NAME,FLAG,GR, RANK) VALUES(26,'Nigeria','NG','F',0);
INSERT INTO bet.OPPONENT(ID,NAME,FLAG,GR, RANK) VALUES(27,'Ghana','GH','G',0);
INSERT INTO bet.OPPONENT(ID,NAME,FLAG,GR, RANK) VALUES(28,'United States','US','G',0);
INSERT INTO bet.OPPONENT(ID,NAME,FLAG,GR, RANK) VALUES(29,'Belgium','BE','H',0);
INSERT INTO bet.OPPONENT(ID,NAME,FLAG,GR, RANK) VALUES(30,'Algeria','DZ','H',0);
INSERT INTO bet.OPPONENT(ID,NAME,FLAG,GR, RANK) VALUES(31,'Russia','RU','H',0);
INSERT INTO bet.OPPONENT(ID,NAME,FLAG,GR, RANK) VALUES(32,'South Korea','KR','H',0);

INSERT INTO bet.MATCHS (ID, MATCH_DATE, SCORE, MATCH_OPPONENT1_FK, MATCH_OPPONENT2_FK, MATCH_TIME,MATCH_LEVEL, MATCH_STADIUM_FK) VALUES (1,'2014-06-12','null',1,2,'2014-06-12 20:00',0,1);
INSERT INTO bet.MATCHS (ID, MATCH_DATE, SCORE, MATCH_OPPONENT1_FK, MATCH_OPPONENT2_FK, MATCH_TIME,MATCH_LEVEL, MATCH_STADIUM_FK) VALUES (2,'2014-06-13','null',3,4,'2014-06-13 16:00',0,2);
INSERT INTO bet.MATCHS (ID, MATCH_DATE, SCORE, MATCH_OPPONENT1_FK, MATCH_OPPONENT2_FK, MATCH_TIME,MATCH_LEVEL, MATCH_STADIUM_FK) VALUES (3,'2014-06-13','null',5,6,'2014-06-13 19:00',0,3);
INSERT INTO bet.MATCHS (ID, MATCH_DATE, SCORE, MATCH_OPPONENT1_FK, MATCH_OPPONENT2_FK, MATCH_TIME,MATCH_LEVEL, MATCH_STADIUM_FK) VALUES (4,'2014-06-13','null',7,8,'2014-06-13 22:00',0,4);
INSERT INTO bet.MATCHS (ID, MATCH_DATE, SCORE, MATCH_OPPONENT1_FK, MATCH_OPPONENT2_FK, MATCH_TIME,MATCH_LEVEL, MATCH_STADIUM_FK) VALUES (5,'2014-06-14','null',9,10,'2014-06-14 16:00',0,5);
INSERT INTO bet.MATCHS (ID, MATCH_DATE, SCORE, MATCH_OPPONENT1_FK, MATCH_OPPONENT2_FK, MATCH_TIME,MATCH_LEVEL, MATCH_STADIUM_FK) VALUES (6,'2014-06-14','null',11,12,'2014-06-14 19:00',0,6);
INSERT INTO bet.MATCHS (ID, MATCH_DATE, SCORE, MATCH_OPPONENT1_FK, MATCH_OPPONENT2_FK, MATCH_TIME,MATCH_LEVEL, MATCH_STADIUM_FK) VALUES (7,'2014-06-14','null',13,14,'2014-06-14 22:00',0,7);
INSERT INTO bet.MATCHS (ID, MATCH_DATE, SCORE, MATCH_OPPONENT1_FK, MATCH_OPPONENT2_FK, MATCH_TIME,MATCH_LEVEL, MATCH_STADIUM_FK) VALUES (8,'2014-06-14','null',15,16,'2014-06-14 01:00',0,8);
INSERT INTO bet.MATCHS (ID, MATCH_DATE, SCORE, MATCH_OPPONENT1_FK, MATCH_OPPONENT2_FK, MATCH_TIME,MATCH_LEVEL, MATCH_STADIUM_FK) VALUES (9,'2014-06-15','null',17,18,'2014-06-15 16:00',0,9);
INSERT INTO bet.MATCHS (ID, MATCH_DATE, SCORE, MATCH_OPPONENT1_FK, MATCH_OPPONENT2_FK, MATCH_TIME,MATCH_LEVEL, MATCH_STADIUM_FK) VALUES (10,'2014-06-15','null',19,20,'2014-06-15 19:00',0,10);
INSERT INTO bet.MATCHS (ID, MATCH_DATE, SCORE, MATCH_OPPONENT1_FK, MATCH_OPPONENT2_FK, MATCH_TIME,MATCH_LEVEL, MATCH_STADIUM_FK) VALUES (11,'2014-06-15','null',21,22,'2014-06-15 22:00',0,11);
INSERT INTO bet.MATCHS (ID, MATCH_DATE, SCORE, MATCH_OPPONENT1_FK, MATCH_OPPONENT2_FK, MATCH_TIME,MATCH_LEVEL, MATCH_STADIUM_FK) VALUES (12,'2014-06-16','null',23,24,'2014-06-16 16:00',0,3);
INSERT INTO bet.MATCHS (ID, MATCH_DATE, SCORE, MATCH_OPPONENT1_FK, MATCH_OPPONENT2_FK, MATCH_TIME,MATCH_LEVEL, MATCH_STADIUM_FK) VALUES (13,'2014-06-16','null',25,26,'2014-06-16 19:00',0,12);
INSERT INTO bet.MATCHS (ID, MATCH_DATE, SCORE, MATCH_OPPONENT1_FK, MATCH_OPPONENT2_FK, MATCH_TIME,MATCH_LEVEL, MATCH_STADIUM_FK) VALUES (14,'2014-06-16','null',27,28,'2014-06-16 22:00',0,2);
INSERT INTO bet.MATCHS (ID, MATCH_DATE, SCORE, MATCH_OPPONENT1_FK, MATCH_OPPONENT2_FK, MATCH_TIME,MATCH_LEVEL, MATCH_STADIUM_FK) VALUES (15,'2014-06-17','null',29,30,'2014-06-17 16:00',0,5);
INSERT INTO bet.MATCHS (ID, MATCH_DATE, SCORE, MATCH_OPPONENT1_FK, MATCH_OPPONENT2_FK, MATCH_TIME,MATCH_LEVEL, MATCH_STADIUM_FK) VALUES (16,'2014-06-17','null',1,3,'2014-06-17 19:00',0,6);
INSERT INTO bet.MATCHS (ID, MATCH_DATE, SCORE, MATCH_OPPONENT1_FK, MATCH_OPPONENT2_FK, MATCH_TIME,MATCH_LEVEL, MATCH_STADIUM_FK) VALUES (17,'2014-06-17','null',31,32,'2014-06-17 22:00',0,4);
INSERT INTO bet.MATCHS (ID, MATCH_DATE, SCORE, MATCH_OPPONENT1_FK, MATCH_OPPONENT2_FK, MATCH_TIME,MATCH_LEVEL, MATCH_STADIUM_FK) VALUES (18,'2014-06-18','null',8,6,'2014-06-18 16:00',0,10);
INSERT INTO bet.MATCHS (ID, MATCH_DATE, SCORE, MATCH_OPPONENT1_FK, MATCH_OPPONENT2_FK, MATCH_TIME,MATCH_LEVEL, MATCH_STADIUM_FK) VALUES (19,'2014-06-18','null',5,7,'2014-06-18 19:00',0,11);
INSERT INTO bet.MATCHS (ID, MATCH_DATE, SCORE, MATCH_OPPONENT1_FK, MATCH_OPPONENT2_FK, MATCH_TIME,MATCH_LEVEL, MATCH_STADIUM_FK) VALUES (20,'2014-06-18','null',4,2,'2014-06-18 22:00',0,7);
INSERT INTO bet.MATCHS (ID, MATCH_DATE, SCORE, MATCH_OPPONENT1_FK, MATCH_OPPONENT2_FK, MATCH_TIME,MATCH_LEVEL, MATCH_STADIUM_FK) VALUES (21,'2014-06-19','null',9,15,'2014-06-19 16:00',0,9);
INSERT INTO bet.MATCHS (ID, MATCH_DATE, SCORE, MATCH_OPPONENT1_FK, MATCH_OPPONENT2_FK, MATCH_TIME,MATCH_LEVEL, MATCH_STADIUM_FK) VALUES (22,'2014-06-19','null',11,13,'2014-06-19 19:00',0,1);
INSERT INTO bet.MATCHS (ID, MATCH_DATE, SCORE, MATCH_OPPONENT1_FK, MATCH_OPPONENT2_FK, MATCH_TIME,MATCH_LEVEL, MATCH_STADIUM_FK) VALUES (23,'2014-06-19','null',16,10,'2014-06-19 22:00',0,2);
INSERT INTO bet.MATCHS (ID, MATCH_DATE, SCORE, MATCH_OPPONENT1_FK, MATCH_OPPONENT2_FK, MATCH_TIME,MATCH_LEVEL, MATCH_STADIUM_FK) VALUES (24,'2014-06-20','null',14,12,'2014-06-20 16:00',0,8);
INSERT INTO bet.MATCHS (ID, MATCH_DATE, SCORE, MATCH_OPPONENT1_FK, MATCH_OPPONENT2_FK, MATCH_TIME,MATCH_LEVEL, MATCH_STADIUM_FK) VALUES (25,'2014-06-20','null',17,19,'2014-06-20 19:00',0,3);
INSERT INTO bet.MATCHS (ID, MATCH_DATE, SCORE, MATCH_OPPONENT1_FK, MATCH_OPPONENT2_FK, MATCH_TIME,MATCH_LEVEL, MATCH_STADIUM_FK) VALUES (26,'2014-06-20','null',20,18,'2014-06-20 22:00',0,12);
INSERT INTO bet.MATCHS (ID, MATCH_DATE, SCORE, MATCH_OPPONENT1_FK, MATCH_OPPONENT2_FK, MATCH_TIME,MATCH_LEVEL, MATCH_STADIUM_FK) VALUES (27,'2014-06-21','null',21,25,'2014-06-21 16:00',0,5);
INSERT INTO bet.MATCHS (ID, MATCH_DATE, SCORE, MATCH_OPPONENT1_FK, MATCH_OPPONENT2_FK, MATCH_TIME,MATCH_LEVEL, MATCH_STADIUM_FK) VALUES (28,'2014-06-21','null',23,27,'2014-06-21 19:00',0,6);
INSERT INTO bet.MATCHS (ID, MATCH_DATE, SCORE, MATCH_OPPONENT1_FK, MATCH_OPPONENT2_FK, MATCH_TIME,MATCH_LEVEL, MATCH_STADIUM_FK) VALUES (29,'2014-06-21','null',26,22,'2014-06-21 22:00',0,4);
INSERT INTO bet.MATCHS (ID, MATCH_DATE, SCORE, MATCH_OPPONENT1_FK, MATCH_OPPONENT2_FK, MATCH_TIME,MATCH_LEVEL, MATCH_STADIUM_FK) VALUES (30,'2014-06-22','null',29,31,'2014-06-22 16:00',0,11);
INSERT INTO bet.MATCHS (ID, MATCH_DATE, SCORE, MATCH_OPPONENT1_FK, MATCH_OPPONENT2_FK, MATCH_TIME,MATCH_LEVEL, MATCH_STADIUM_FK) VALUES (31,'2014-06-22','null',32,30,'2014-06-22 19:00',0,10);
INSERT INTO bet.MATCHS (ID, MATCH_DATE, SCORE, MATCH_OPPONENT1_FK, MATCH_OPPONENT2_FK, MATCH_TIME,MATCH_LEVEL, MATCH_STADIUM_FK) VALUES (32,'2014-06-22','null',28,24,'2014-06-22 22:00',0,7);
INSERT INTO bet.MATCHS (ID, MATCH_DATE, SCORE, MATCH_OPPONENT1_FK, MATCH_OPPONENT2_FK, MATCH_TIME,MATCH_LEVEL, MATCH_STADIUM_FK) VALUES (33,'2014-06-23','null',8,5,'2014-06-23 16:00',0,12);
INSERT INTO bet.MATCHS (ID, MATCH_DATE, SCORE, MATCH_OPPONENT1_FK, MATCH_OPPONENT2_FK, MATCH_TIME,MATCH_LEVEL, MATCH_STADIUM_FK) VALUES (34,'2014-06-23','null',6,7,'2014-06-23 16:00',0,1);
INSERT INTO bet.MATCHS (ID, MATCH_DATE, SCORE, MATCH_OPPONENT1_FK, MATCH_OPPONENT2_FK, MATCH_TIME,MATCH_LEVEL, MATCH_STADIUM_FK) VALUES (35,'2014-06-23','null',2,3,'2014-06-23 20:00',0,8);
INSERT INTO bet.MATCHS (ID, MATCH_DATE, SCORE, MATCH_OPPONENT1_FK, MATCH_OPPONENT2_FK, MATCH_TIME,MATCH_LEVEL, MATCH_STADIUM_FK) VALUES (36,'2014-06-23','null',4,1,'2014-06-23 20:00',0,9);
INSERT INTO bet.MATCHS (ID, MATCH_DATE, SCORE, MATCH_OPPONENT1_FK, MATCH_OPPONENT2_FK, MATCH_TIME,MATCH_LEVEL, MATCH_STADIUM_FK) VALUES (37,'2014-06-24','null',14,11,'2014-06-24 16:00',0,2);
INSERT INTO bet.MATCHS (ID, MATCH_DATE, SCORE, MATCH_OPPONENT1_FK, MATCH_OPPONENT2_FK, MATCH_TIME,MATCH_LEVEL, MATCH_STADIUM_FK) VALUES (38,'2014-06-24','null',12,13,'2014-06-24 16:00',0,5);
INSERT INTO bet.MATCHS (ID, MATCH_DATE, SCORE, MATCH_OPPONENT1_FK, MATCH_OPPONENT2_FK, MATCH_TIME,MATCH_LEVEL, MATCH_STADIUM_FK) VALUES (39,'2014-06-24','null',16,9,'2014-06-24 20:00',0,4);
INSERT INTO bet.MATCHS (ID, MATCH_DATE, SCORE, MATCH_OPPONENT1_FK, MATCH_OPPONENT2_FK, MATCH_TIME,MATCH_LEVEL, MATCH_STADIUM_FK) VALUES (40,'2014-06-24','null',10,15,'2014-06-24 20:00',0,6);
INSERT INTO bet.MATCHS (ID, MATCH_DATE, SCORE, MATCH_OPPONENT1_FK, MATCH_OPPONENT2_FK, MATCH_TIME,MATCH_LEVEL, MATCH_STADIUM_FK) VALUES (41,'2014-06-25','null',26,21,'2014-06-25 16:00',0,10);
INSERT INTO bet.MATCHS (ID, MATCH_DATE, SCORE, MATCH_OPPONENT1_FK, MATCH_OPPONENT2_FK, MATCH_TIME,MATCH_LEVEL, MATCH_STADIUM_FK) VALUES (42,'2014-06-25','null',22,25,'2014-06-25 16:00',0,3);
INSERT INTO bet.MATCHS (ID, MATCH_DATE, SCORE, MATCH_OPPONENT1_FK, MATCH_OPPONENT2_FK, MATCH_TIME,MATCH_LEVEL, MATCH_STADIUM_FK) VALUES (43,'2014-06-25','null',20,17,'2014-06-25 20:00',0,7);
INSERT INTO bet.MATCHS (ID, MATCH_DATE, SCORE, MATCH_OPPONENT1_FK, MATCH_OPPONENT2_FK, MATCH_TIME,MATCH_LEVEL, MATCH_STADIUM_FK) VALUES (44,'2014-06-25','null',18,19,'2014-06-25 20:00',0,11);
INSERT INTO bet.MATCHS (ID, MATCH_DATE, SCORE, MATCH_OPPONENT1_FK, MATCH_OPPONENT2_FK, MATCH_TIME,MATCH_LEVEL, MATCH_STADIUM_FK) VALUES (45,'2014-06-26','null',28,23,'2014-06-26 16:00',0,8);
INSERT INTO bet.MATCHS (ID, MATCH_DATE, SCORE, MATCH_OPPONENT1_FK, MATCH_OPPONENT2_FK, MATCH_TIME,MATCH_LEVEL, MATCH_STADIUM_FK) VALUES (46,'2014-06-26','null',24,27,'2014-06-26 16:00',0,9);
INSERT INTO bet.MATCHS (ID, MATCH_DATE, SCORE, MATCH_OPPONENT1_FK, MATCH_OPPONENT2_FK, MATCH_TIME,MATCH_LEVEL, MATCH_STADIUM_FK) VALUES (47,'2014-06-26','null',32,29,'2014-06-26 20:00',0,1);
INSERT INTO bet.MATCHS (ID, MATCH_DATE, SCORE, MATCH_OPPONENT1_FK, MATCH_OPPONENT2_FK, MATCH_TIME,MATCH_LEVEL, MATCH_STADIUM_FK) VALUES (48,'2014-06-26','null',30,31,'2014-06-26 20:00',0,12);
