use bet;
insert into bet.ROLE (ID, ROLE) values (1, 'ROLE_ADMIN');
insert into bet.ROLE (ID, ROLE) values (2, 'ROLE_USER');

INSERT INTO bet.USER (ID, FIRSTNAME, NAME, PASSWORD, USERNAME, SCORE) VALUES (1, 'Anthony', 'Coulon', 'cfd67247b128ee77fb48638ca5095019cf9dc697', 'anthony.coulon@valtech.fr', 25);
INSERT INTO bet.USER (ID, FIRSTNAME, NAME, PASSWORD, USERNAME, SCORE) VALUES (2, 'Fabrice', 'Tavilla', 'c8f7878120e876bb08ce96c4d24535ca3e7a1397', 'fabrice.tavilla@valtech.fr', 15);
INSERT INTO bet.USER (ID, FIRSTNAME, NAME, PASSWORD, USERNAME, SCORE) VALUES (3, 'Antho', 'Coulon', 'd607361608e7d09a0a7d00e989cf325943f312ca', 'admin', 0);
INSERT INTO bet.USER (ID,FIRSTNAME, NAME, PASSWORD, USERNAME, SCORE) VALUES (4, 'Lyazid', 'Selmi', 'c79bb6af4401f0fc763bac4016f9826a223754ed', 'lyazid.selmi@valtech.fr', 20);
INSERT INTO bet.USER (ID,FIRSTNAME, NAME, PASSWORD, USERNAME, SCORE) VALUES (5, 'André', 'Desousa', '59a9316cac72c42005f1462c130887118dc23ebc', 'andre.desousa@valtech.fr', 8);

insert into bet.USER_ROLE (USER_ID, ROLE_ID) values (1, 2);
insert into bet.USER_ROLE (USER_ID, ROLE_ID) values (2, 2);
insert into bet.USER_ROLE (USER_ID, ROLE_ID) values (3, 1);
insert into bet.USER_ROLE (USER_ID, ROLE_ID) values (4, 2);
insert into bet.USER_ROLE (USER_ID, ROLE_ID) values (5, 2);

INSERT INTO bet.STADIUM(ID, NAME) VALUES (1, 'Arena de Sao Paulo');
INSERT INTO bet.STADIUM(ID, NAME) VALUES (2, 'Arena das Dunas');
INSERT INTO bet.STADIUM(ID, NAME) VALUES (3, 'Estadio Castelao');
INSERT INTO bet.STADIUM(ID, NAME) VALUES (4, 'Arena Amazonia');
INSERT INTO bet.STADIUM(ID, NAME) VALUES (5, 'Estadio Nacional');
INSERT INTO bet.STADIUM(ID, NAME) VALUES (6, 'Arena Pernambuco');
INSERT INTO bet.STADIUM(ID, NAME) VALUES (7, 'Arena Fonte Nova');
INSERT INTO bet.STADIUM(ID, NAME) VALUES (8, 'Arena Pantanal');
INSERT INTO bet.STADIUM(ID, NAME) VALUES (9, 'Estadio do Maracana');
INSERT INTO bet.STADIUM(ID, NAME) VALUES (10, 'Estadio Beira-Rio');
INSERT INTO bet.STADIUM(ID, NAME) VALUES (11, 'Arena da Baixada');
INSERT INTO bet.STADIUM(ID, NAME) VALUES (12, 'Estadio Mineirao');

INSERT INTO bet.OPPONENT(ID,NAME,FLAG,GR, RANK) VALUES(1,'Brazil','br','A',0);
INSERT INTO bet.OPPONENT(ID,NAME,FLAG,GR, RANK) VALUES(2,'Croatia','hr','A',0);
INSERT INTO bet.OPPONENT(ID,NAME,FLAG,GR, RANK) VALUES(3,'Mexico','mx','A',0);
INSERT INTO bet.OPPONENT(ID,NAME,FLAG,GR, RANK) VALUES(4,'Cameroon','cm','A',0);
INSERT INTO bet.OPPONENT(ID,NAME,FLAG,GR, RANK) VALUES(5,'Spain','es','B',0);
INSERT INTO bet.OPPONENT(ID,NAME,FLAG,GR, RANK) VALUES(6,'Netherlands','nl','B',0);
INSERT INTO bet.OPPONENT(ID,NAME,FLAG,GR, RANK) VALUES(7,'Chile','cl','B',0);
INSERT INTO bet.OPPONENT(ID,NAME,FLAG,GR, RANK) VALUES(8,'Australia','au','B',0);
INSERT INTO bet.OPPONENT(ID,NAME,FLAG,GR, RANK) VALUES(9,'Colombia','co','C',0);
INSERT INTO bet.OPPONENT(ID,NAME,FLAG,GR, RANK) VALUES(10,'Greece','gr','C',0);
INSERT INTO bet.OPPONENT(ID,NAME,FLAG,GR, RANK) VALUES(11,'Ivory Coast','ci','C',0);
INSERT INTO bet.OPPONENT(ID,NAME,FLAG,GR, RANK) VALUES(12,'Japan','jp','C',0);
INSERT INTO bet.OPPONENT(ID,NAME,FLAG,GR, RANK) VALUES(13,'Uruguay','uy','D',0);
INSERT INTO bet.OPPONENT(ID,NAME,FLAG,GR, RANK) VALUES(14,'Costa Rica','cr','D',0);
INSERT INTO bet.OPPONENT(ID,NAME,FLAG,GR, RANK) VALUES(15,'England','eng','D',0);
INSERT INTO bet.OPPONENT(ID,NAME,FLAG,GR, RANK) VALUES(16,'Italy','it','D',0);
INSERT INTO bet.OPPONENT(ID,NAME,FLAG,GR, RANK) VALUES(17,'Switzerland','ch','E',0);
INSERT INTO bet.OPPONENT(ID,NAME,FLAG,GR, RANK) VALUES(18,'Ecuador','ec','E',0);
INSERT INTO bet.OPPONENT(ID,NAME,FLAG,GR, RANK) VALUES(19,'France','fr','E',0);
INSERT INTO bet.OPPONENT(ID,NAME,FLAG,GR, RANK) VALUES(20,'Honduras','hn','E',0);
INSERT INTO bet.OPPONENT(ID,NAME,FLAG,GR, RANK) VALUES(21,'Argentina','ar','F',0);
INSERT INTO bet.OPPONENT(ID,NAME,FLAG,GR, RANK) VALUES(22,'Bosnia-Hercegovina','ba','F',0);
INSERT INTO bet.OPPONENT(ID,NAME,FLAG,GR, RANK) VALUES(23,'Iran','ir','F',0);
INSERT INTO bet.OPPONENT(ID,NAME,FLAG,GR, RANK) VALUES(24,'Nigeria','ng','F',0);
INSERT INTO bet.OPPONENT(ID,NAME,FLAG,GR, RANK) VALUES(25,'Germany','de','G',0);
INSERT INTO bet.OPPONENT(ID,NAME,FLAG,GR, RANK) VALUES(26,'Portugal','pt','G',0);
INSERT INTO bet.OPPONENT(ID,NAME,FLAG,GR, RANK) VALUES(27,'Ghana','gh','G',0);
INSERT INTO bet.OPPONENT(ID,NAME,FLAG,GR, RANK) VALUES(28,'United States','us','G',0);
INSERT INTO bet.OPPONENT(ID,NAME,FLAG,GR, RANK) VALUES(29,'Belgium','be','H',0);
INSERT INTO bet.OPPONENT(ID,NAME,FLAG,GR, RANK) VALUES(30,'Algeria','dz','H',0);
INSERT INTO bet.OPPONENT(ID,NAME,FLAG,GR, RANK) VALUES(31,'Russia','ru','H',0);
INSERT INTO bet.OPPONENT(ID,NAME,FLAG,GR, RANK) VALUES(32,'South Korea','kr','H',0);

INSERT INTO bet.MATCHS (ID, MATCH_DATE, SCORE, MATCH_OPPONENT1_FK, MATCH_OPPONENT2_FK, MATCH_TIME,MATCH_LEVEL, MATCH_STADIUM_FK) VALUES (1,'2014-06-12','',1,2,'2014-06-12 22:00',0,1);
INSERT INTO bet.MATCHS (ID, MATCH_DATE, SCORE, MATCH_OPPONENT1_FK, MATCH_OPPONENT2_FK, MATCH_TIME,MATCH_LEVEL, MATCH_STADIUM_FK) VALUES (2,'2014-06-13','',3,4,'2014-06-13 18:00',0,2);
INSERT INTO bet.MATCHS (ID, MATCH_DATE, SCORE, MATCH_OPPONENT1_FK, MATCH_OPPONENT2_FK, MATCH_TIME,MATCH_LEVEL, MATCH_STADIUM_FK) VALUES (3,'2014-06-17','',1,3,'2014-06-17 21:00',0,3);
INSERT INTO bet.MATCHS (ID, MATCH_DATE, SCORE, MATCH_OPPONENT1_FK, MATCH_OPPONENT2_FK, MATCH_TIME,MATCH_LEVEL, MATCH_STADIUM_FK) VALUES (4,'2014-06-19','',4,2,'2014-06-19 00:00',0,4);
INSERT INTO bet.MATCHS (ID, MATCH_DATE, SCORE, MATCH_OPPONENT1_FK, MATCH_OPPONENT2_FK, MATCH_TIME,MATCH_LEVEL, MATCH_STADIUM_FK) VALUES (5,'2014-06-23','',4,1,'2014-06-23 22:00',0,5);
INSERT INTO bet.MATCHS (ID, MATCH_DATE, SCORE, MATCH_OPPONENT1_FK, MATCH_OPPONENT2_FK, MATCH_TIME,MATCH_LEVEL, MATCH_STADIUM_FK) VALUES (6,'2014-06-23','',2,3,'2014-06-23 22:00',0,6);
INSERT INTO bet.MATCHS (ID, MATCH_DATE, SCORE, MATCH_OPPONENT1_FK, MATCH_OPPONENT2_FK, MATCH_TIME,MATCH_LEVEL, MATCH_STADIUM_FK) VALUES (7,'2014-06-13','',5,6,'2014-06-13 21:00',1,7);
INSERT INTO bet.MATCHS (ID, MATCH_DATE, SCORE, MATCH_OPPONENT1_FK, MATCH_OPPONENT2_FK, MATCH_TIME,MATCH_LEVEL, MATCH_STADIUM_FK) VALUES (8,'2014-06-14','',7,8,'2014-06-14 00:00',1,8);
INSERT INTO bet.MATCHS (ID, MATCH_DATE, SCORE, MATCH_OPPONENT1_FK, MATCH_OPPONENT2_FK, MATCH_TIME,MATCH_LEVEL, MATCH_STADIUM_FK) VALUES (9,'2014-06-18','',5,7,'2014-06-18 21:00',1,9);
INSERT INTO bet.MATCHS (ID, MATCH_DATE, SCORE, MATCH_OPPONENT1_FK, MATCH_OPPONENT2_FK, MATCH_TIME,MATCH_LEVEL, MATCH_STADIUM_FK) VALUES (10,'2014-06-18','',8,6,'2014-06-18 18:00',1,10);
INSERT INTO bet.MATCHS (ID, MATCH_DATE, SCORE, MATCH_OPPONENT1_FK, MATCH_OPPONENT2_FK, MATCH_TIME,MATCH_LEVEL, MATCH_STADIUM_FK) VALUES (11,'2014-06-23','',8,5,'2014-06-23 18:00',1,11);
INSERT INTO bet.MATCHS (ID, MATCH_DATE, SCORE, MATCH_OPPONENT1_FK, MATCH_OPPONENT2_FK, MATCH_TIME,MATCH_LEVEL, MATCH_STADIUM_FK) VALUES (12,'2014-06-23','',6,7,'2014-06-23 18:00',1,1);
INSERT INTO bet.MATCHS (ID, MATCH_DATE, SCORE, MATCH_OPPONENT1_FK, MATCH_OPPONENT2_FK, MATCH_TIME,MATCH_LEVEL, MATCH_STADIUM_FK) VALUES (13,'2014-06-14','',9,10,'2014-06-14 18:00',2,12);
INSERT INTO bet.MATCHS (ID, MATCH_DATE, SCORE, MATCH_OPPONENT1_FK, MATCH_OPPONENT2_FK, MATCH_TIME,MATCH_LEVEL, MATCH_STADIUM_FK) VALUES (14,'2014-06-15','',11,12,'2014-06-15 03:00',2,6);
INSERT INTO bet.MATCHS (ID, MATCH_DATE, SCORE, MATCH_OPPONENT1_FK, MATCH_OPPONENT2_FK, MATCH_TIME,MATCH_LEVEL, MATCH_STADIUM_FK) VALUES (15,'2014-06-19','',9,11,'2014-06-19 18:00',2,5);
INSERT INTO bet.MATCHS (ID, MATCH_DATE, SCORE, MATCH_OPPONENT1_FK, MATCH_OPPONENT2_FK, MATCH_TIME,MATCH_LEVEL, MATCH_STADIUM_FK) VALUES (16,'2014-06-20','',12,10,'2014-06-20 00:00',2,2);
INSERT INTO bet.MATCHS (ID, MATCH_DATE, SCORE, MATCH_OPPONENT1_FK, MATCH_OPPONENT2_FK, MATCH_TIME,MATCH_LEVEL, MATCH_STADIUM_FK) VALUES (17,'2014-06-24','',12,9,'2014-06-24 22:00',2,8);
INSERT INTO bet.MATCHS (ID, MATCH_DATE, SCORE, MATCH_OPPONENT1_FK, MATCH_OPPONENT2_FK, MATCH_TIME,MATCH_LEVEL, MATCH_STADIUM_FK) VALUES (18,'2014-06-24','',10,11,'2014-06-24 22:00',2,3);
INSERT INTO bet.MATCHS (ID, MATCH_DATE, SCORE, MATCH_OPPONENT1_FK, MATCH_OPPONENT2_FK, MATCH_TIME,MATCH_LEVEL, MATCH_STADIUM_FK) VALUES (19,'2014-06-14','',13,14,'2014-06-14 21:00',3,3);
INSERT INTO bet.MATCHS (ID, MATCH_DATE, SCORE, MATCH_OPPONENT1_FK, MATCH_OPPONENT2_FK, MATCH_TIME,MATCH_LEVEL, MATCH_STADIUM_FK) VALUES (20,'2014-06-15','',15,16,'2014-06-15 00:00',3,4);
INSERT INTO bet.MATCHS (ID, MATCH_DATE, SCORE, MATCH_OPPONENT1_FK, MATCH_OPPONENT2_FK, MATCH_TIME,MATCH_LEVEL, MATCH_STADIUM_FK) VALUES (21,'2014-06-19','',13,15,'2014-06-19 21:00',3,1);
INSERT INTO bet.MATCHS (ID, MATCH_DATE, SCORE, MATCH_OPPONENT1_FK, MATCH_OPPONENT2_FK, MATCH_TIME,MATCH_LEVEL, MATCH_STADIUM_FK) VALUES (22,'2014-06-20','',16,14,'2014-06-20 18:00',3,6);
INSERT INTO bet.MATCHS (ID, MATCH_DATE, SCORE, MATCH_OPPONENT1_FK, MATCH_OPPONENT2_FK, MATCH_TIME,MATCH_LEVEL, MATCH_STADIUM_FK) VALUES (23,'2014-06-24','',16,13,'2014-06-24 18:00',3,2);
INSERT INTO bet.MATCHS (ID, MATCH_DATE, SCORE, MATCH_OPPONENT1_FK, MATCH_OPPONENT2_FK, MATCH_TIME,MATCH_LEVEL, MATCH_STADIUM_FK) VALUES (24,'2014-06-24','',14,15,'2014-06-24 18:00',3,12);
INSERT INTO bet.MATCHS (ID, MATCH_DATE, SCORE, MATCH_OPPONENT1_FK, MATCH_OPPONENT2_FK, MATCH_TIME,MATCH_LEVEL, MATCH_STADIUM_FK) VALUES (25,'2014-06-15','',17,18,'2014-06-15 18:00',4,5);
INSERT INTO bet.MATCHS (ID, MATCH_DATE, SCORE, MATCH_OPPONENT1_FK, MATCH_OPPONENT2_FK, MATCH_TIME,MATCH_LEVEL, MATCH_STADIUM_FK) VALUES (26,'2014-06-15','',19,20,'2014-06-15 21:00',4,10);
INSERT INTO bet.MATCHS (ID, MATCH_DATE, SCORE, MATCH_OPPONENT1_FK, MATCH_OPPONENT2_FK, MATCH_TIME,MATCH_LEVEL, MATCH_STADIUM_FK) VALUES (27,'2014-06-20','',17,19,'2014-06-20 21:00',4,7);
INSERT INTO bet.MATCHS (ID, MATCH_DATE, SCORE, MATCH_OPPONENT1_FK, MATCH_OPPONENT2_FK, MATCH_TIME,MATCH_LEVEL, MATCH_STADIUM_FK) VALUES (28,'2014-06-21','',20,18,'2014-06-21 00:00',4,11);
INSERT INTO bet.MATCHS (ID, MATCH_DATE, SCORE, MATCH_OPPONENT1_FK, MATCH_OPPONENT2_FK, MATCH_TIME,MATCH_LEVEL, MATCH_STADIUM_FK) VALUES (29,'2014-06-25','',20,17,'2014-06-25 22:00',4,4);
INSERT INTO bet.MATCHS (ID, MATCH_DATE, SCORE, MATCH_OPPONENT1_FK, MATCH_OPPONENT2_FK, MATCH_TIME,MATCH_LEVEL, MATCH_STADIUM_FK) VALUES (30,'2014-06-25','',18,19,'2014-06-25 22:00',4,9);
INSERT INTO bet.MATCHS (ID, MATCH_DATE, SCORE, MATCH_OPPONENT1_FK, MATCH_OPPONENT2_FK, MATCH_TIME,MATCH_LEVEL, MATCH_STADIUM_FK) VALUES (31,'2014-06-16','',21,22,'2014-06-16 00:00',5,9);
INSERT INTO bet.MATCHS (ID, MATCH_DATE, SCORE, MATCH_OPPONENT1_FK, MATCH_OPPONENT2_FK, MATCH_TIME,MATCH_LEVEL, MATCH_STADIUM_FK) VALUES (32,'2014-06-16','',23,24,'2014-06-16 21:00',5,11);
INSERT INTO bet.MATCHS (ID, MATCH_DATE, SCORE, MATCH_OPPONENT1_FK, MATCH_OPPONENT2_FK, MATCH_TIME,MATCH_LEVEL, MATCH_STADIUM_FK) VALUES (33,'2014-06-21','',21,23,'2014-06-21 18:00',5,12);
INSERT INTO bet.MATCHS (ID, MATCH_DATE, SCORE, MATCH_OPPONENT1_FK, MATCH_OPPONENT2_FK, MATCH_TIME,MATCH_LEVEL, MATCH_STADIUM_FK) VALUES (34,'2014-06-22','',24,22,'2014-06-22 00:00',5,8);
INSERT INTO bet.MATCHS (ID, MATCH_DATE, SCORE, MATCH_OPPONENT1_FK, MATCH_OPPONENT2_FK, MATCH_TIME,MATCH_LEVEL, MATCH_STADIUM_FK) VALUES (35,'2014-06-25','',24,21,'2014-06-25 18:00',5,10);
INSERT INTO bet.MATCHS (ID, MATCH_DATE, SCORE, MATCH_OPPONENT1_FK, MATCH_OPPONENT2_FK, MATCH_TIME,MATCH_LEVEL, MATCH_STADIUM_FK) VALUES (36,'2014-06-25','',22,23,'2014-06-25 18:00',5,7);
INSERT INTO bet.MATCHS (ID, MATCH_DATE, SCORE, MATCH_OPPONENT1_FK, MATCH_OPPONENT2_FK, MATCH_TIME,MATCH_LEVEL, MATCH_STADIUM_FK) VALUES (37,'2014-06-16','',25,26,'2014-06-16 18:00',6,7);
INSERT INTO bet.MATCHS (ID, MATCH_DATE, SCORE, MATCH_OPPONENT1_FK, MATCH_OPPONENT2_FK, MATCH_TIME,MATCH_LEVEL, MATCH_STADIUM_FK) VALUES (38,'2014-06-17','',27,28,'2014-06-17 00:00',6,2);
INSERT INTO bet.MATCHS (ID, MATCH_DATE, SCORE, MATCH_OPPONENT1_FK, MATCH_OPPONENT2_FK, MATCH_TIME,MATCH_LEVEL, MATCH_STADIUM_FK) VALUES (39,'2014-06-21','',25,27,'2014-06-21 21:00',6,3);
INSERT INTO bet.MATCHS (ID, MATCH_DATE, SCORE, MATCH_OPPONENT1_FK, MATCH_OPPONENT2_FK, MATCH_TIME,MATCH_LEVEL, MATCH_STADIUM_FK) VALUES (40,'2014-06-23','',28,26,'2014-06-23 00:00',6,4);
INSERT INTO bet.MATCHS (ID, MATCH_DATE, SCORE, MATCH_OPPONENT1_FK, MATCH_OPPONENT2_FK, MATCH_TIME,MATCH_LEVEL, MATCH_STADIUM_FK) VALUES (41,'2014-06-26','',28,25,'2014-06-26 18:00',6,6);
INSERT INTO bet.MATCHS (ID, MATCH_DATE, SCORE, MATCH_OPPONENT1_FK, MATCH_OPPONENT2_FK, MATCH_TIME,MATCH_LEVEL, MATCH_STADIUM_FK) VALUES (42,'2014-06-26','',26,27,'2014-06-26 18:00',6,5);
INSERT INTO bet.MATCHS (ID, MATCH_DATE, SCORE, MATCH_OPPONENT1_FK, MATCH_OPPONENT2_FK, MATCH_TIME,MATCH_LEVEL, MATCH_STADIUM_FK) VALUES (43,'2014-06-17','',29,30,'2014-06-17 18:00',7,12);
INSERT INTO bet.MATCHS (ID, MATCH_DATE, SCORE, MATCH_OPPONENT1_FK, MATCH_OPPONENT2_FK, MATCH_TIME,MATCH_LEVEL, MATCH_STADIUM_FK) VALUES (44,'2014-06-18','',31,32,'2014-06-18 00:00',7,8);
INSERT INTO bet.MATCHS (ID, MATCH_DATE, SCORE, MATCH_OPPONENT1_FK, MATCH_OPPONENT2_FK, MATCH_TIME,MATCH_LEVEL, MATCH_STADIUM_FK) VALUES (45,'2014-06-22','',29,31,'2014-06-22 18:00',7,9);
INSERT INTO bet.MATCHS (ID, MATCH_DATE, SCORE, MATCH_OPPONENT1_FK, MATCH_OPPONENT2_FK, MATCH_TIME,MATCH_LEVEL, MATCH_STADIUM_FK) VALUES (46,'2014-06-22','',32,30,'2014-06-22 21:00',7,10);
INSERT INTO bet.MATCHS (ID, MATCH_DATE, SCORE, MATCH_OPPONENT1_FK, MATCH_OPPONENT2_FK, MATCH_TIME,MATCH_LEVEL, MATCH_STADIUM_FK) VALUES (47,'2014-06-26','',32,29,'2014-06-26 22:00',7,1);
INSERT INTO bet.MATCHS (ID, MATCH_DATE, SCORE, MATCH_OPPONENT1_FK, MATCH_OPPONENT2_FK, MATCH_TIME,MATCH_LEVEL, MATCH_STADIUM_FK) VALUES (48,'2014-06-26','',30,31,'2014-06-26 22:00',7,11);
